{"cameraMode":{"drawMode":0,"name":"Shaded","section":"Shading Mode"},"sceneLighting":false,"audioPlay":false,"sceneViewState":{"showFog":true,"showMaterialUpdate":false,"showSkybox":false,"showFlares":true,"showImageEffects":true,"showParticleSystems":true},"in2DMode":false,"pivot":{"x":-4.6406755447387699,"y":0.9122289419174194,"z":-5.357917308807373},"rotation":{"x":0.008636592887341977,"y":0.8088204860687256,"z":0.011882342398166657,"w":-0.5878834128379822},"size":2.528794288635254,"orthographic":false}