{"cameraMode":{"drawMode":0,"name":"Shaded","section":"Shading Mode"},"sceneLighting":true,"audioPlay":false,"sceneViewState":{"showFog":true,"showMaterialUpdate":false,"showSkybox":true,"showFlares":true,"showImageEffects":true,"showParticleSystems":true},"in2DMode":false,"pivot":{"x":186.804443359375,"y":37.204505920410159,"z":312.0104675292969},"rotation":{"x":-0.02808476984500885,"y":-0.9718902111053467,"z":0.16964462399482728,"w":-0.1609153300523758},"size":46.894832611083987,"orthographic":false}