{"cameraMode":{"drawMode":0,"name":"Shaded","section":"Shading Mode"},"sceneLighting":true,"audioPlay":false,"sceneViewState":{"showFog":true,"showMaterialUpdate":false,"showSkybox":true,"showFlares":true,"showImageEffects":true,"showParticleSystems":true},"in2DMode":false,"pivot":{"x":191.05316162109376,"y":47.55788040161133,"z":316.4877624511719},"rotation":{"x":-0.05481841415166855,"y":-0.9448545575141907,"z":0.21507175266742707,"w":-0.24083808064460755},"size":14.614923477172852,"orthographic":false}