{"cameraMode":{"drawMode":0,"name":"Shaded","section":"Shading Mode"},"sceneLighting":false,"audioPlay":false,"sceneViewState":{"showFog":true,"showMaterialUpdate":false,"showSkybox":false,"showFlares":true,"showImageEffects":true,"showParticleSystems":true},"in2DMode":false,"pivot":{"x":-4.550000190734863,"y":0.9499993324279785,"z":-5.6337504386901859},"rotation":{"x":0.008636592887341977,"y":0.8088204860687256,"z":0.011882342398166657,"w":-0.5878834128379822},"size":2.528794288635254,"orthographic":false}